{
  "final": {
    "avg_seconds": 4037,
    "avg_time": "1:07:17",
    "finished": 1
  },
  "A": {
    "avg_seconds": 4011,
    "avg_time": "1:06:51",
    "finished": 0.4715909090909091
  },
  "C": {
    "avg_seconds": 3992,
    "avg_time": "1:06:32",
    "finished": 0.4444444444444444
  },
  "B": {
    "avg_seconds": 3232,
    "avg_time": "0:53:52",
    "finished": 0.7988826815642458
  },
  "S1": {
    "avg_seconds": 2345,
    "avg_time": "0:39:05",
    "finished": 0.988950276243094
  },
  "D": {
    "avg_seconds": 2956,
    "avg_time": "0:49:16",
    "finished": 0.8279569892473119
  },
  "S2": {
    "avg_seconds": 2303,
    "avg_time": "0:38:23",
    "finished": 0.994475138121547
  }
}